Distance (m),Waist (m),Max Intensity,Field,Pixel Size (m)
0.0,0.004,2.533376131903422e-05,"[[ 4.80037635e-20+1.58819781e-21j  7.34785686e-20+5.37724194e-20j
   7.45434853e-20+2.11262204e-20j ...  1.93925157e-20+5.79824157e-20j
   3.30117989e-20+3.88140368e-20j -2.69627291e-21+2.23332481e-21j]
 [ 4.78998067e-20-1.57315739e-20j  6.56165060e-20+7.83781826e-21j
   6.12420362e-20-1.75549894e-20j ...  4.09396689e-20+6.14666891e-20j
   3.41664538e-20+3.82570926e-20j -2.95431489e-20-1.70401704e-20j]
 [-2.77778060e-20-3.21364419e-20j -2.22689203e-20-2.78539054e-20j
  -2.29152907e-20-4.49833355e-20j ...  1.52256324e-20+2.29178450e-21j
   1.75963183e-20+8.50220817e-21j -3.34846398e-20-3.14857817e-20j]
 ...
 [-6.15216117e-20-4.95840424e-20j -4.57442684e-21+8.38494255e-21j
   2.64644829e-20-6.56994224e-20j ...  5.65843172e-20+1.72407716e-19j
   2.25510264e-20+9.02320440e-20j  2.97423116e-20+1.10825171e-19j]
 [-9.93107253e-20-3.41606177e-20j -1.65600965e-20-2.68799873e-20j
  -2.36463746e-21-1.09727797e-19j ...  1.16615388e-20+1.10311172e-19j
  -2.99998843e-21+1.12027973e-21j  2.36323150e-20+1.49750044e-20j]
 [-5.69577695e-20+1.09354360e-19j -3.02459646e-21+1.16161171e-19j
  -1.42873288e-20+4.68343964e-20j ... -2.41868514e-20+1.03282102e-19j
  -5.58243757e-20-1.28195846e-20j -3.84131717e-20+2.60181340e-21j]]",7.8125e-06
0.1,0.0036640625000000002,3.0150577296689213e-05,"[[-3.17328543e-14+3.17571801e-14j -3.23447928e-14+2.28138095e-14j
  -3.39041566e-14+8.32244471e-15j ... -3.39041609e-14+8.32245803e-15j
  -3.23447036e-14+2.28137862e-14j -3.17328666e-14+3.17570167e-14j]
 [-3.23447330e-14+2.28137248e-14j -3.08467220e-14+1.68609172e-14j
  -2.99636541e-14+6.38059612e-15j ... -2.99637472e-14+6.38058792e-15j
  -3.08466743e-14+1.68609101e-14j -3.23447782e-14+2.28136605e-14j]
 [-3.39041204e-14+8.32243274e-15j -2.99636915e-14+6.38070206e-15j
  -2.58510330e-14+1.18789812e-15j ... -2.58511375e-14+1.18792736e-15j
  -2.99636484e-14+6.38069579e-15j -3.39041791e-14+8.32234107e-15j]
 ...
 [-3.39042174e-14+8.32237985e-15j -2.99637162e-14+6.38063113e-15j
  -2.58511572e-14+1.18781192e-15j ... -2.58510632e-14+1.18799463e-15j
  -2.99636491e-14+6.38069679e-15j -3.39041602e-14+8.32247205e-15j]
 [-3.23448247e-14+2.28137596e-14j -3.08467423e-14+1.68609405e-14j
  -2.99637974e-14+6.38060609e-15j ... -2.99637067e-14+6.38065080e-15j
  -3.08467275e-14+1.68608879e-14j -3.23447997e-14+2.28137384e-14j]
 [-3.17328792e-14+3.17570732e-14j -3.23447219e-14+2.28137140e-14j
  -3.39042036e-14+8.32232652e-15j ... -3.39041287e-14+8.32244464e-15j
  -3.23447729e-14+2.28137074e-14j -3.17329103e-14+3.17570664e-14j]]",7.8125e-06
0.2,0.0033359375,3.648406524085028e-05,"[[2.03396634e-13+7.79179523e-14j 1.77077837e-13+6.45134953e-14j
  1.34618157e-13+4.26551801e-14j ... 1.34618193e-13+4.26552932e-14j
  1.77077883e-13+6.45135567e-14j 2.03396742e-13+7.79180184e-14j]
 [1.77077787e-13+6.45135107e-14j 1.60595152e-13+5.55272893e-14j
  1.26849621e-13+3.65629728e-14j ... 1.26849590e-13+3.65630858e-14j
  1.60595151e-13+5.55273620e-14j 1.77077821e-13+6.45135906e-14j]
 [1.34618130e-13+4.26552653e-14j 1.26849674e-13+3.65630718e-14j
  1.02309681e-13+2.03907880e-14j ... 1.02309601e-13+2.03908564e-14j
  1.26849681e-13+3.65631200e-14j 1.34618195e-13+4.26553272e-14j]
 ...
 [1.34618210e-13+4.26553263e-14j 1.26849616e-13+3.65631124e-14j
  1.02309700e-13+2.03908044e-14j ... 1.02309750e-13+2.03907364e-14j
  1.26849626e-13+3.65630733e-14j 1.34618188e-13+4.26553280e-14j]
 [1.77077773e-13+6.45135708e-14j 1.60595025e-13+5.55273532e-14j
  1.26849593e-13+3.65630257e-14j ... 1.26849650e-13+3.65630487e-14j
  1.60595044e-13+5.55273550e-14j 1.77077747e-13+6.45135841e-14j]
 [2.03396788e-13+7.79179507e-14j 1.77077863e-13+6.45134826e-14j
  1.34618249e-13+4.26551339e-14j ... 1.34618185e-13+4.26553014e-14j
  1.77077744e-13+6.45136262e-14j 2.03396621e-13+7.79181191e-14j]]",7.8125e-06
0.30000000000000004,0.003,4.504481409820781e-05,"[[-1.18931938e-14-1.52199857e-13j -9.84026667e-15-1.55038069e-13j
  -7.72074824e-15-1.56483863e-13j ... -7.72068532e-15-1.56483913e-13j
  -9.84025837e-15-1.55038277e-13j -1.18931808e-14-1.52199960e-13j]
 [-9.84033194e-15-1.55038196e-13j -8.28843683e-15-1.65858103e-13j
  -4.61587978e-15-1.69059983e-13j ... -4.61583980e-15-1.69059959e-13j
  -8.28844562e-15-1.65858186e-13j -9.84031742e-15-1.55038154e-13j]
 [-7.72075637e-15-1.56483922e-13j -4.61586333e-15-1.69059968e-13j
   3.95755193e-15-1.69207036e-13j ...  3.95760002e-15-1.69207038e-13j
  -4.61585803e-15-1.69060058e-13j -7.72075449e-15-1.56483899e-13j]
 ...
 [-7.72068242e-15-1.56483837e-13j -4.61576155e-15-1.69059962e-13j
   3.95760901e-15-1.69206969e-13j ...  3.95762139e-15-1.69207023e-13j
  -4.61585222e-15-1.69059925e-13j -7.72076051e-15-1.56483803e-13j]
 [-9.84033228e-15-1.55038201e-13j -8.28841823e-15-1.65858184e-13j
  -4.61586119e-15-1.69059963e-13j ... -4.61579395e-15-1.69059994e-13j
  -8.28843803e-15-1.65858151e-13j -9.84033068e-15-1.55038172e-13j]
 [-1.18932641e-14-1.52199812e-13j -9.84034042e-15-1.55038089e-13j
  -7.72081407e-15-1.56483760e-13j ... -7.72061578e-15-1.56483920e-13j
  -9.84023042e-15-1.55038189e-13j -1.18931595e-14-1.52199882e-13j]]",7.8125e-06
0.4000000000000001,0.0026640625,5.7014091954685084e-05,"[[-1.30798792e-13-1.64734013e-13j -1.35706129e-13-1.60032329e-13j
  -1.49267770e-13-1.43798026e-13j ... -1.49267772e-13-1.43798039e-13j
  -1.35706088e-13-1.60032322e-13j -1.30798735e-13-1.64734062e-13j]
 [-1.35706169e-13-1.60032321e-13j -1.36069492e-13-1.48199089e-13j
  -1.42920675e-13-1.21446715e-13j ... -1.42920650e-13-1.21446646e-13j
  -1.36069427e-13-1.48199010e-13j -1.35706110e-13-1.60032308e-13j]
 [-1.49267741e-13-1.43798102e-13j -1.42920636e-13-1.21446781e-13j
  -1.41972733e-13-7.68976233e-14j ... -1.41972783e-13-7.68975519e-14j
  -1.42920638e-13-1.21446698e-13j -1.49267770e-13-1.43798044e-13j]
 ...
 [-1.49267767e-13-1.43798107e-13j -1.42920708e-13-1.21446786e-13j
  -1.41972819e-13-7.68976097e-14j ... -1.41972875e-13-7.68975723e-14j
  -1.42920743e-13-1.21446693e-13j -1.49267774e-13-1.43798133e-13j]
 [-1.35706145e-13-1.60032423e-13j -1.36069518e-13-1.48199175e-13j
  -1.42920679e-13-1.21446787e-13j ... -1.42920682e-13-1.21446729e-13j
  -1.36069512e-13-1.48199054e-13j -1.35706124e-13-1.60032381e-13j]
 [-1.30798742e-13-1.64734050e-13j -1.35706189e-13-1.60032346e-13j
  -1.49267849e-13-1.43798021e-13j ... -1.49267767e-13-1.43798140e-13j
  -1.35706133e-13-1.60032439e-13j -1.30798672e-13-1.64734190e-13j]]",7.8125e-06
0.5000000000000001,0.0023359375,7.447427666288022e-05,"[[1.02247533e-13+1.74893273e-14j 1.37113375e-13-1.79856677e-14j
  1.78498318e-13-5.25220361e-14j ... 1.78498332e-13-5.25220942e-14j
  1.37113345e-13-1.79858056e-14j 1.02247473e-13+1.74892280e-14j]
 [1.37113351e-13-1.79857462e-14j 1.66742483e-13-5.76867337e-14j
  1.91791897e-13-8.97164051e-14j ... 1.91791873e-13-8.97164064e-14j
  1.66742450e-13-5.76867995e-14j 1.37113318e-13-1.79857778e-14j]
 [1.78498384e-13-5.25220312e-14j 1.91791937e-13-8.97163481e-14j
  1.92997551e-13-1.09354180e-13j ... 1.92997515e-13-1.09354227e-13j
  1.91791910e-13-8.97164357e-14j 1.78498352e-13-5.25220876e-14j]
 ...
 [1.78498391e-13-5.25220745e-14j 1.91791967e-13-8.97163917e-14j
  1.92997563e-13-1.09354176e-13j ... 1.92997559e-13-1.09354172e-13j
  1.91791997e-13-8.97163952e-14j 1.78498429e-13-5.25220955e-14j]
 [1.37113423e-13-1.79857754e-14j 1.66742541e-13-5.76867456e-14j
  1.91791926e-13-8.97163920e-14j ... 1.91791842e-13-8.97163770e-14j
  1.66742468e-13-5.76867395e-14j 1.37113342e-13-1.79857157e-14j]
 [1.02247526e-13+1.74892869e-14j 1.37113379e-13-1.79856919e-14j
  1.78498377e-13-5.25220787e-14j ... 1.78498326e-13-5.25220332e-14j
  1.37113340e-13-1.79857218e-14j 1.02247457e-13+1.74892883e-14j]]",7.8125e-06
0.6000000000000001,0.002,0.00010137968957588815,"[[-1.40999010e-13+3.33579837e-14j -1.03162144e-13+2.99843865e-14j
  -6.60528343e-14+4.64329154e-14j ... -6.60527487e-14+4.64329493e-14j
  -1.03162038e-13+2.99843913e-14j -1.40998988e-13+3.33580923e-14j]
 [-1.03162064e-13+2.99843493e-14j -5.65645955e-14+2.56257258e-14j
  -2.90776884e-15+4.83841556e-14j ... -2.90777889e-15+4.83841621e-14j
  -5.65645759e-14+2.56256811e-14j -1.03162119e-13+2.99844095e-14j]
 [-6.60527284e-14+4.64329179e-14j -2.90775383e-15+4.83841725e-14j
   7.27680599e-14+8.08496787e-14j ...  7.27680086e-14+8.08497775e-14j
  -2.90773632e-15+4.83841658e-14j -6.60527619e-14+4.64329646e-14j]
 ...
 [-6.60526502e-14+4.64329609e-14j -2.90765710e-15+4.83840865e-14j
   7.27681770e-14+8.08497866e-14j ...  7.27680968e-14+8.08498014e-14j
  -2.90771476e-15+4.83841870e-14j -6.60527278e-14+4.64330437e-14j]
 [-1.03162205e-13+2.99843867e-14j -5.65646814e-14+2.56256298e-14j
  -2.90781195e-15+4.83842289e-14j ... -2.90769061e-15+4.83843019e-14j
  -5.65644889e-14+2.56257330e-14j -1.03161985e-13+2.99844574e-14j]
 [-1.40998998e-13+3.33580718e-14j -1.03162056e-13+2.99843801e-14j
  -6.60527338e-14+4.64330569e-14j ... -6.60527243e-14+4.64330326e-14j
  -1.03162080e-13+2.99844323e-14j -1.40999026e-13+3.33581841e-14j]]",7.8125e-06
0.7000000000000002,0.0016640625,0.0001460091810292345,"[[-1.06886072e-13-2.14398502e-13j -6.51736485e-14-2.06943494e-13j
   9.70828293e-15-1.79974723e-13j ...  9.70831836e-15-1.79974716e-13j
  -6.51735902e-14-2.06943484e-13j -1.06885971e-13-2.14398487e-13j]
 [-6.51736079e-14-2.06943434e-13j -1.33546043e-14-1.83750719e-13j
   7.17647517e-14-1.48753010e-13j ...  7.17647532e-14-1.48753114e-13j
  -1.33545384e-14-1.83750853e-13j -6.51734507e-14-2.06943567e-13j]
 [ 9.70833180e-15-1.79974790e-13j  7.17647328e-14-1.48753101e-13j
   1.57532287e-13-1.10023260e-13j ...  1.57532234e-13-1.10023191e-13j
   7.17647192e-14-1.48753004e-13j  9.70836276e-15-1.79974656e-13j]
 ...
 [ 9.70832386e-15-1.79974866e-13j  7.17647103e-14-1.48753145e-13j
   1.57532227e-13-1.10023336e-13j ...  1.57532309e-13-1.10023201e-13j
   7.17647560e-14-1.48752962e-13j  9.70835667e-15-1.79974656e-13j]
 [-6.51734925e-14-2.06943505e-13j -1.33545246e-14-1.83750735e-13j
   7.17647810e-14-1.48753062e-13j ...  7.17647400e-14-1.48753044e-13j
  -1.33545806e-14-1.83750765e-13j -6.51735379e-14-2.06943521e-13j]
 [-1.06885939e-13-2.14398520e-13j -6.51735680e-14-2.06943446e-13j
   9.70829488e-15-1.79974710e-13j ...  9.70832997e-15-1.79974808e-13j
  -6.51735854e-14-2.06943611e-13j -1.06885970e-13-2.14398673e-13j]]",7.8125e-06
0.8000000000000003,0.0013359375,0.0002281863999176391,"[[-3.78416104e-13-4.28831149e-13j -3.17742911e-13-2.78880867e-13j
  -2.57348124e-13-1.36215445e-13j ... -2.57348135e-13-1.36215449e-13j
  -3.17742942e-13-2.78880875e-13j -3.78416191e-13-4.28831098e-13j]
 [-3.17742880e-13-2.78880867e-13j -2.46190750e-13-1.47241104e-13j
  -1.84186721e-13-2.23204797e-14j ... -1.84186630e-13-2.23206056e-14j
  -2.46190714e-13-1.47241266e-13j -3.17742968e-13-2.78880948e-13j]
 [-2.57348128e-13-1.36215449e-13j -1.84186741e-13-2.23204808e-14j
  -1.27360824e-13+8.06221784e-14j ... -1.27360809e-13+8.06221945e-14j
  -1.84186727e-13-2.23205294e-14j -2.57348246e-13-1.36215449e-13j]
 ...
 [-2.57348174e-13-1.36215461e-13j -1.84186675e-13-2.23205084e-14j
  -1.27360777e-13+8.06221052e-14j ... -1.27360767e-13+8.06221870e-14j
  -1.84186594e-13-2.23204658e-14j -2.57348059e-13-1.36215403e-13j]
 [-3.17742821e-13-2.78880870e-13j -2.46190595e-13-1.47241135e-13j
  -1.84186585e-13-2.23205669e-14j ... -1.84186815e-13-2.23206557e-14j
  -2.46190776e-13-1.47241267e-13j -3.17742961e-13-2.78881008e-13j]
 [-3.78416189e-13-4.28831098e-13j -3.17742913e-13-2.78880829e-13j
  -2.57348123e-13-1.36215467e-13j ... -2.57348183e-13-1.36215418e-13j
  -3.17742923e-13-2.78880830e-13j -3.78416207e-13-4.28831159e-13j]]",7.8125e-06
0.9000000000000002,0.001,0.0004057779703432884,"[[-7.04637605e-13-9.84118992e-14j -5.89789871e-13-9.72997443e-14j
  -3.85598047e-13-5.90460009e-14j ... -3.85598038e-13-5.90460928e-14j
  -5.89789794e-13-9.72997423e-14j -7.04637537e-13-9.84119887e-14j]
 [-5.89789825e-13-9.72996386e-14j -4.77877922e-13-9.82328329e-14j
  -2.91885044e-13-5.59226218e-14j ... -2.91885000e-13-5.59225797e-14j
  -4.77877893e-13-9.82326786e-14j -5.89789789e-13-9.72996078e-14j]
 [-3.85597993e-13-5.90459356e-14j -2.91885007e-13-5.59227101e-14j
  -1.58700499e-13-6.33426948e-16j ... -1.58700602e-13-6.33508812e-16j
  -2.91885186e-13-5.59226701e-14j -3.85598139e-13-5.90459915e-14j]
 ...
 [-3.85598114e-13-5.90461708e-14j -2.91885144e-13-5.59227907e-14j
  -1.58700488e-13-6.33626011e-16j ... -1.58700523e-13-6.33569166e-16j
  -2.91885042e-13-5.59227562e-14j -3.85598010e-13-5.90459782e-14j]
 [-5.89789778e-13-9.72996465e-14j -4.77877910e-13-9.82327209e-14j
  -2.91884958e-13-5.59226931e-14j ... -2.91885080e-13-5.59226232e-14j
  -4.77877906e-13-9.82327761e-14j -5.89789779e-13-9.72995808e-14j]
 [-7.04637494e-13-9.84119260e-14j -5.89789802e-13-9.72995872e-14j
  -3.85598017e-13-5.90459681e-14j ... -3.85598218e-13-5.90457528e-14j
  -5.89789983e-13-9.72994677e-14j -7.04637686e-13-9.84116662e-14j]]",7.8125e-06
1.0000000000000002,0.0006640625,0.0009132889800638815,"[[3.74759950e-14+6.58404130e-14j 7.14000073e-14+8.87018768e-14j
  1.11337042e-13+1.01021929e-13j ... 1.11336932e-13+1.01021917e-13j
  7.13999014e-14+8.87020229e-14j 3.74759900e-14+6.58405749e-14j]
 [7.13997409e-14+8.87019281e-14j 8.63922790e-14+1.03581289e-13j
  1.13225268e-13+9.25650462e-14j ... 1.13225306e-13+9.25649187e-14j
  8.63923141e-14+1.03581299e-13j 7.13998168e-14+8.87020022e-14j]
 [1.11336906e-13+1.01021626e-13j 1.13225330e-13+9.25647870e-14j
  1.27913296e-13+4.51995027e-14j ... 1.27913296e-13+4.51995169e-14j
  1.13225328e-13+9.25649071e-14j 1.11336914e-13+1.01021788e-13j]
 ...
 [1.11336796e-13+1.01021971e-13j 1.13225198e-13+9.25650873e-14j
  1.27913275e-13+4.51996448e-14j ... 1.27913521e-13+4.51995037e-14j
  1.13225479e-13+9.25649737e-14j 1.11336920e-13+1.01021836e-13j]
 [7.13997800e-14+8.87020136e-14j 8.63922698e-14+1.03581387e-13j
  1.13225366e-13+9.25650327e-14j ... 1.13225217e-13+9.25651293e-14j
  8.63922706e-14+1.03581492e-13j 7.13997410e-14+8.87021161e-14j]
 [3.74758067e-14+6.58404086e-14j 7.13997507e-14+8.87018760e-14j
  1.11336927e-13+1.01021772e-13j ... 1.11336901e-13+1.01021895e-13j
  7.13998641e-14+8.87020294e-14j 3.74758399e-14+6.58405918e-14j]]",7.8125e-06
1.1000000000000003,0.00033593750000000003,0.003649536392473575,"[[-5.20811974e-13-1.86198964e-13j -4.14510249e-13-1.35486873e-13j
  -2.14591361e-13-1.09702310e-13j ... -2.14591345e-13-1.09702174e-13j
  -4.14510250e-13-1.35486675e-13j -5.20811994e-13-1.86198833e-13j]
 [-4.14510454e-13-1.35486860e-13j -3.78454230e-13-6.66769336e-14j
  -2.61969883e-13-3.89998719e-14j ... -2.61969908e-13-3.89999293e-14j
  -3.78454160e-13-6.66769800e-14j -4.14510306e-13-1.35486930e-13j]
 [-2.14591405e-13-1.09702135e-13j -2.61969866e-13-3.89996643e-14j
  -2.48084657e-13-2.69210007e-14j ... -2.48084773e-13-2.69211379e-14j
  -2.61970051e-13-3.89998071e-14j -2.14591645e-13-1.09702312e-13j]
 ...
 [-2.14591528e-13-1.09702133e-13j -2.61970041e-13-3.89997273e-14j
  -2.48084799e-13-2.69210809e-14j ... -2.48084325e-13-2.69212506e-14j
  -2.61969616e-13-3.89999705e-14j -2.14591265e-13-1.09702419e-13j]
 [-4.14510061e-13-1.35486885e-13j -3.78454069e-13-6.66769813e-14j
  -2.61969885e-13-3.89999194e-14j ... -2.61969834e-13-3.89996095e-14j
  -3.78454071e-13-6.66767676e-14j -4.14510208e-13-1.35486736e-13j]
 [-5.20811900e-13-1.86198847e-13j -4.14510340e-13-1.35486752e-13j
  -2.14591512e-13-1.09702207e-13j ... -2.14591084e-13-1.09702295e-13j
  -4.14510008e-13-1.35486882e-13j -5.20811744e-13-1.86198966e-13j]]",7.8125e-06
1.2000000000000004,2.34375e-05,0.6242011718119266,"[[-5.70400398e-15+1.21085945e-12j -8.61181320e-15+1.35508044e-12j
  -1.89518299e-14+1.34812996e-12j ... -1.89521248e-14+1.34812945e-12j
  -8.61212133e-15+1.35507990e-12j -5.70439774e-15+1.21085880e-12j]
 [-8.61199870e-15+1.35508068e-12j -1.06502945e-14+1.48122266e-12j
  -1.87572180e-14+1.45824808e-12j ... -1.87577273e-14+1.45824808e-12j
  -1.06508984e-14+1.48122259e-12j -8.61272381e-15+1.35508038e-12j]
 [-1.89519242e-14+1.34813035e-12j -1.87569038e-14+1.45824822e-12j
  -2.13853129e-14+1.44234728e-12j ... -2.13855583e-14+1.44234746e-12j
  -1.87568546e-14+1.45824844e-12j -1.89517439e-14+1.34813039e-12j]
 ...
 [-1.89523650e-14+1.34813090e-12j -1.87574533e-14+1.45824891e-12j
  -2.13860062e-14+1.44234787e-12j ... -2.13855160e-14+1.44234691e-12j
  -1.87570258e-14+1.45824798e-12j -1.89520634e-14+1.34813022e-12j]
 [-8.61216919e-15+1.35508058e-12j -1.06505424e-14+1.48122282e-12j
  -1.87575363e-14+1.45824834e-12j ... -1.87567027e-14+1.45824800e-12j
  -1.06498100e-14+1.48122265e-12j -8.61164482e-15+1.35508062e-12j]
 [-5.70410643e-15+1.21085912e-12j -8.61203483e-15+1.35508054e-12j
  -1.89521111e-14+1.34813025e-12j ... -1.89520709e-14+1.34812999e-12j
  -8.61188325e-15+1.35508046e-12j -5.70397242e-15+1.21085932e-12j]]",7.8125e-06
1.3000000000000003,0.00033593750000000003,0.003600980709266284,"[[ 2.28911102e-13+5.82324135e-13j  7.17529325e-14+6.16350646e-13j
  -1.23885905e-13+5.77153232e-13j ... -1.23885766e-13+5.77153170e-13j
   7.17530250e-14+6.16350470e-13j  2.28911073e-13+5.82323918e-13j]
 [ 7.17527955e-14+6.16350413e-13j -5.36165820e-14+6.12959272e-13j
  -1.78211095e-13+5.24266273e-13j ... -1.78211206e-13+5.24266523e-13j
  -5.36165686e-14+6.12959501e-13j  7.17528611e-14+6.16350696e-13j]
 [-1.23885849e-13+5.77153103e-13j -1.78211005e-13+5.24266413e-13j
  -2.05932117e-13+3.78681870e-13j ... -2.05932149e-13+3.78682048e-13j
  -1.78211074e-13+5.24266464e-13j -1.23886012e-13+5.77153203e-13j]
 ...
 [-1.23885827e-13+5.77153044e-13j -1.78211048e-13+5.24266315e-13j
  -2.05932227e-13+3.78681888e-13j ... -2.05932160e-13+3.78681944e-13j
  -1.78210999e-13+5.24266449e-13j -1.23885719e-13+5.77153193e-13j]
 [ 7.17529441e-14+6.16350334e-13j -5.36165198e-14+6.12959196e-13j
  -1.78211149e-13+5.24266248e-13j ... -1.78211269e-13+5.24266476e-13j
  -5.36167069e-14+6.12959421e-13j  7.17527623e-14+6.16350514e-13j]
 [ 2.28910988e-13+5.82324242e-13j  7.17528025e-14+6.16350709e-13j
  -1.23886046e-13+5.77153246e-13j ... -1.23885960e-13+5.77153142e-13j
   7.17528176e-14+6.16350552e-13j  2.28910965e-13+5.82323989e-13j]]",7.8125e-06
1.4000000000000004,0.0006718750000000001,0.000907167777949822,"[[9.00363118e-13+8.67681526e-13j 7.22780865e-13+7.96889038e-13j
  4.78009793e-13+6.43285385e-13j ... 4.78009828e-13+6.43285453e-13j
  7.22780973e-13+7.96889059e-13j 9.00363239e-13+8.67681576e-13j]
 [7.22780992e-13+7.96888989e-13j 6.11613545e-13+7.58118929e-13j
  4.25649220e-13+6.21880334e-13j ... 4.25649213e-13+6.21880322e-13j
  6.11613523e-13+7.58118852e-13j 7.22780876e-13+7.96888850e-13j]
 [4.78009748e-13+6.43285468e-13j 4.25649196e-13+6.21880472e-13j
  3.00895000e-13+4.95967460e-13j ... 3.00894963e-13+4.95967362e-13j
  4.25649143e-13+6.21880344e-13j 4.78009664e-13+6.43285251e-13j]
 ...
 [4.78009751e-13+6.43285234e-13j 4.25649177e-13+6.21880333e-13j
  3.00895059e-13+4.95967450e-13j ... 3.00894830e-13+4.95967450e-13j
  4.25649087e-13+6.21880415e-13j 4.78009692e-13+6.43285357e-13j]
 [7.22780897e-13+7.96888925e-13j 6.11613466e-13+7.58118888e-13j
  4.25649175e-13+6.21880351e-13j ... 4.25649063e-13+6.21880461e-13j
  6.11613429e-13+7.58119006e-13j 7.22780817e-13+7.96888984e-13j]
 [9.00363214e-13+8.67681535e-13j 7.22780921e-13+7.96889024e-13j
  4.78009771e-13+6.43285389e-13j ... 4.78009669e-13+6.43285443e-13j
  7.22780873e-13+7.96889118e-13j 9.00363128e-13+8.67681610e-13j]]",7.8125e-06
1.5000000000000004,0.001,0.0004039614205678021,"[[1.75711978e-12-8.73526822e-13j 1.61330068e-12-6.49906862e-13j
  1.31983557e-12-4.58130803e-13j ... 1.31983552e-12-4.58130726e-13j
  1.61330063e-12-6.49906832e-13j 1.75711976e-12-8.73526803e-13j]
 [1.61330069e-12-6.49906831e-13j 1.55158230e-12-4.31722825e-13j
  1.36127613e-12-2.54538200e-13j ... 1.36127613e-12-2.54538122e-13j
  1.55158225e-12-4.31722794e-13j 1.61330066e-12-6.49906862e-13j]
 [1.31983556e-12-4.58130660e-13j 1.36127611e-12-2.54538126e-13j
  1.31334001e-12-7.91957761e-14j ... 1.31334014e-12-7.91957340e-14j
  1.36127616e-12-2.54538106e-13j 1.31983560e-12-4.58130770e-13j]
 ...
 [1.31983554e-12-4.58130733e-13j 1.36127611e-12-2.54538134e-13j
  1.31334003e-12-7.91957706e-14j ... 1.31333996e-12-7.91958662e-14j
  1.36127609e-12-2.54538258e-13j 1.31983546e-12-4.58130856e-13j]
 [1.61330066e-12-6.49906881e-13j 1.55158223e-12-4.31722846e-13j
  1.36127609e-12-2.54538154e-13j ... 1.36127621e-12-2.54538135e-13j
  1.55158240e-12-4.31722816e-13j 1.61330072e-12-6.49906768e-13j]
 [1.75711978e-12-8.73526794e-13j 1.61330064e-12-6.49906830e-13j
  1.31983551e-12-4.58130679e-13j ... 1.31983548e-12-4.58130509e-13j
  1.61330062e-12-6.49906657e-13j 1.75711965e-12-8.73526635e-13j]]",7.8125e-06
1.6000000000000005,0.0013359375,0.00022741961985188146,"[[7.70584658e-13-8.23208206e-13j 6.55478149e-13-5.24251455e-13j
  5.30258307e-13-2.40050491e-13j ... 5.30258349e-13-2.40050548e-13j
  6.55478188e-13-5.24251478e-13j 7.70584667e-13-8.23208244e-13j]
 [6.55478025e-13-5.24251459e-13j 5.18401541e-13-2.56478889e-13j
  3.91396724e-13-3.68741699e-15j ... 3.91396812e-13-3.68734847e-15j
  5.18401484e-13-2.56478768e-13j 6.55478106e-13-5.24251408e-13j]
 [5.30258269e-13-2.40050593e-13j 3.91396746e-13-3.68751732e-15j
  2.77635585e-13+2.07943422e-13j ... 2.77635638e-13+2.07943564e-13j
  3.91396816e-13-3.68734609e-15j 5.30258291e-13-2.40050408e-13j]
 ...
 [5.30258168e-13-2.40050501e-13j 3.91396792e-13-3.68739137e-15j
  2.77635526e-13+2.07943481e-13j ... 2.77635617e-13+2.07943482e-13j
  3.91396912e-13-3.68725198e-15j 5.30258316e-13-2.40050565e-13j]
 [6.55478154e-13-5.24251524e-13j 5.18401537e-13-2.56478845e-13j
  3.91396720e-13-3.68750596e-15j ... 3.91396784e-13-3.68736998e-15j
  5.18401437e-13-2.56478829e-13j 6.55478145e-13-5.24251380e-13j]
 [7.70584674e-13-8.23208285e-13j 6.55478185e-13-5.24251469e-13j
  5.30258239e-13-2.40050545e-13j ... 5.30258180e-13-2.40050655e-13j
  6.55478201e-13-5.24251434e-13j 7.70584621e-13-8.23208387e-13j]]",7.8125e-06
1.7000000000000006,0.001671875,0.00014561648941277937,"[[1.17485813e-12-1.17598285e-12j 9.40718563e-13-1.18353460e-12j
  6.15388908e-13-1.11822229e-12j ... 6.15388611e-13-1.11822205e-12j
  9.40718601e-13-1.18353467e-12j 1.17485790e-12-1.17598268e-12j]
 [9.40718534e-13-1.18353460e-12j 7.82303185e-13-1.32691472e-12j
  5.18134177e-13-1.35956355e-12j ... 5.18134398e-13-1.35956359e-12j
  7.82302922e-13-1.32691458e-12j 9.40718753e-13-1.18353467e-12j]
 [6.15388863e-13-1.11822218e-12j 5.18134066e-13-1.35956349e-12j
  3.04916635e-13-1.44882950e-12j ... 3.04916423e-13-1.44882931e-12j
  5.18134449e-13-1.35956367e-12j 6.15388721e-13-1.11822213e-12j]
 ...
 [6.15388738e-13-1.11822209e-12j 5.18134393e-13-1.35956352e-12j
  3.04916462e-13-1.44882924e-12j ... 3.04916487e-13-1.44882948e-12j
  5.18134215e-13-1.35956345e-12j 6.15388742e-13-1.11822223e-12j]
 [9.40718622e-13-1.18353473e-12j 7.82302797e-13-1.32691454e-12j
  5.18134347e-13-1.35956357e-12j ... 5.18134253e-13-1.35956350e-12j
  7.82302741e-13-1.32691471e-12j 9.40718571e-13-1.18353465e-12j]
 [1.17485801e-12-1.17598277e-12j 9.40718747e-13-1.18353470e-12j
  6.15388754e-13-1.11822209e-12j ... 6.15388702e-13-1.11822223e-12j
  9.40718556e-13-1.18353454e-12j 1.17485792e-12-1.17598287e-12j]]",7.8125e-06
1.8000000000000005,0.002,0.0001011524059255802,"[[3.54386528e-13-8.34498797e-13j 3.97052477e-13-8.70940283e-13j
  4.27460982e-13-7.51367703e-13j ... 4.27461147e-13-7.51367725e-13j
  3.97052278e-13-8.70940322e-13j 3.54386661e-13-8.34498819e-13j]
 [3.97052438e-13-8.70940185e-13j 4.67986126e-13-9.36785363e-13j
  4.99546229e-13-8.13360580e-13j ... 4.99546073e-13-8.13360668e-13j
  4.67986334e-13-9.36785541e-13j 3.97052263e-13-8.70940387e-13j]
 [4.27461034e-13-7.51367786e-13j 4.99546307e-13-8.13360709e-13j
  5.07037403e-13-6.69169962e-13j ... 5.07037634e-13-6.69169916e-13j
  4.99546081e-13-8.13360712e-13j 4.27461174e-13-7.51367756e-13j]
 ...
 [4.27461201e-13-7.51367760e-13j 4.99546047e-13-8.13360638e-13j
  5.07037703e-13-6.69169903e-13j ... 5.07036797e-13-6.69170036e-13j
  4.99546958e-13-8.13360900e-13j 4.27460303e-13-7.51367481e-13j]
 [3.97052311e-13-8.70940385e-13j 4.67986333e-13-9.36785528e-13j
  4.99546120e-13-8.13360732e-13j ... 4.99547017e-13-8.13360806e-13j
  4.67985430e-13-9.36785189e-13j 3.97053226e-13-8.70940833e-13j]
 [3.54386784e-13-8.34498811e-13j 3.97052318e-13-8.70940387e-13j
  4.27461263e-13-7.51367769e-13j ... 4.27460311e-13-7.51367408e-13j
  3.97053085e-13-8.70940860e-13j 3.54386065e-13-8.34498013e-13j]]",7.8125e-06
1.9000000000000006,0.0023359375,7.433113570156427e-05,"[[-2.48143282e-13-7.81283711e-14j -6.34583612e-13-2.02459249e-13j
  -1.12726697e-12-3.24759531e-13j ... -1.12726707e-12-3.24759005e-13j
  -6.34583663e-13-2.02459792e-13j -2.48143086e-13-7.81277555e-14j]
 [-6.34583603e-13-2.02459256e-13j -9.37422825e-13-4.08813167e-13j
  -1.28769866e-12-5.86182178e-13j ... -1.28769847e-12-5.86182885e-13j
  -9.37422944e-13-4.08812204e-13j -6.34583815e-13-2.02460136e-13j]
 [-1.12726702e-12-3.24759525e-13j -1.28769869e-12-5.86182179e-13j
  -1.43493533e-12-7.83025982e-13j ... -1.43493586e-12-7.83024822e-13j
  -1.28769831e-12-5.86183554e-13j -1.12726718e-12-3.24758217e-13j]
 ...
 [-1.12726706e-12-3.24758922e-13j -1.28769842e-12-5.86183015e-13j
  -1.43493586e-12-7.83024813e-13j ... -1.43493358e-12-7.83026039e-13j
  -1.28770039e-12-5.86181477e-13j -1.12726572e-12-3.24760720e-13j]
 [-6.34583586e-13-2.02459829e-13j -9.37422851e-13-4.08812417e-13j
  -1.28769829e-12-5.86183563e-13j ... -1.28770045e-12-5.86181475e-13j
  -9.37421235e-13-4.08814416e-13j -6.34584703e-13-2.02457527e-13j]
 [-2.48143178e-13-7.81276586e-14j -6.34583796e-13-2.02460162e-13j
  -1.12726723e-12-3.24758111e-13j ... -1.12726575e-12-3.24760657e-13j
  -6.34584676e-13-2.02457490e-13j -2.48142861e-13-7.81303209e-14j]]",7.8125e-06
2.0000000000000004,0.002671875,5.691819344212335e-05,"[[6.90588420e-13-6.95921263e-13j 6.92579913e-13-6.50666790e-13j
  6.72292476e-13-6.04700164e-13j ... 6.72293171e-13-6.04701277e-13j
  6.92579635e-13-6.50665570e-13j 6.90588721e-13-6.95922422e-13j]
 [6.92580128e-13-6.50666684e-13j 6.47861332e-13-6.15255373e-13j
  5.82190083e-13-5.62506799e-13j ... 5.82189043e-13-5.62505636e-13j
  6.47861922e-13-6.15256655e-13j 6.92579673e-13-6.50665328e-13j]
 [6.72292629e-13-6.04700215e-13j 5.82190091e-13-5.62506733e-13j
  4.85451964e-13-4.70100831e-13j ... 4.85453444e-13-4.70101609e-13j
  5.82188930e-13-5.62505521e-13j 6.72293116e-13-6.04701626e-13j]
 ...
 [6.72293126e-13-6.04701289e-13j 5.82189087e-13-5.62505629e-13j
  4.85453449e-13-4.70101627e-13j ... 4.85455840e-13-4.70101191e-13j
  5.82186306e-13-5.62505452e-13j 6.72295896e-13-6.04702407e-13j]
 [6.92579595e-13-6.50665538e-13j 6.47862005e-13-6.15256574e-13j
  5.82188994e-13-5.62505435e-13j ... 5.82186293e-13-5.62505184e-13j
  6.47864872e-13-6.15257643e-13j 6.92577096e-13-6.50663603e-13j]
 [6.90588796e-13-6.95922615e-13j 6.92579757e-13-6.50665367e-13j
  6.72293171e-13-6.04701715e-13j ... 6.72295914e-13-6.04702336e-13j
  6.92577145e-13-6.50663673e-13j 6.90590799e-13-6.95924942e-13j]]",7.8125e-06
2.1000000000000005,0.003,4.4977459002603246e-05,"[[4.79455204e-13-2.49979949e-13j 6.62728063e-13-3.12812564e-13j
  9.11025991e-13-4.42564162e-13j ... 9.11020884e-13-4.42564749e-13j
  6.62733398e-13-3.12813755e-13j 4.79450612e-13-2.49976369e-13j]
 [6.62728078e-13-3.12812601e-13j 8.11001907e-13-4.55801707e-13j
  9.85701593e-13-6.08889523e-13j ... 9.85705798e-13-6.08887202e-13j
  8.10996771e-13-4.55802127e-13j 6.62732892e-13-3.12814459e-13j]
 [9.11025895e-13-4.42564139e-13j 9.85701607e-13-6.08889433e-13j
  1.03684284e-12-7.33664166e-13j ... 1.03683996e-12-7.33667111e-13j
  9.85705656e-13-6.08887981e-13j 9.11021556e-13-4.42563745e-13j]
 ...
 [9.11020796e-13-4.42564877e-13j 9.85705798e-13-6.08887062e-13j
  1.03683997e-12-7.33667162e-13j ... 1.03684177e-12-7.33664221e-13j
  9.85702602e-13-6.08889589e-13j 9.11025068e-13-4.42563438e-13j]
 [6.62733543e-13-3.12814026e-13j 8.10996893e-13-4.55802130e-13j
  9.85705760e-13-6.08888043e-13j ... 9.85702700e-13-6.08889745e-13j
  8.11000691e-13-4.55801450e-13j 6.62729009e-13-3.12813385e-13j]
 [4.79450703e-13-2.49976274e-13j 6.62732942e-13-3.12814432e-13j
  9.11021594e-13-4.42563582e-13j ... 9.11025027e-13-4.42563364e-13j
  6.62728919e-13-3.12813228e-13j 4.79454075e-13-2.49978845e-13j]]",7.8125e-06
1.185,5.46875e-05,0.13356643102627877,"[[-3.21464901e-13+4.95598892e-13j -1.01017256e-13+3.36519025e-13j
   1.48297895e-13+1.60948963e-13j ...  1.48298388e-13+1.60949394e-13j
  -1.01016996e-13+3.36519513e-13j -3.21464686e-13+4.95599324e-13j]
 [-1.01017223e-13+3.36519208e-13j  7.96923410e-14+1.77647271e-13j
   2.56031379e-13+1.16475263e-14j ...  2.56031564e-13+1.16474221e-14j
   7.96923733e-14+1.77647123e-13j -1.01017156e-13+3.36519172e-13j]
 [ 1.48297927e-13+1.60949538e-13j  2.56031502e-13+1.16477793e-14j
   3.30560414e-13-1.22885904e-13j ...  3.30560600e-13-1.22886349e-13j
   2.56031586e-13+1.16472260e-14j  1.48297982e-13+1.60949023e-13j]
 ...
 [ 1.48297964e-13+1.60949314e-13j  2.56031295e-13+1.16477610e-14j
   3.30560079e-13-1.22885785e-13j ...  3.30560596e-13-1.22886040e-13j
   2.56031440e-13+1.16475794e-14j  1.48297821e-13+1.60949387e-13j]
 [-1.01016886e-13+3.36518944e-13j  7.96926552e-14+1.77647031e-13j
   2.56031863e-13+1.16473221e-14j ...  2.56031403e-13+1.16474578e-14j
   7.96921231e-14+1.77647292e-13j -1.01017453e-13+3.36519394e-13j]
 [-3.21465017e-13+4.95599490e-13j -1.01017491e-13+3.36519683e-13j
   1.48297816e-13+1.60949474e-13j ...  1.48298347e-13+1.60949112e-13j
  -1.01016999e-13+3.36519055e-13j -3.21464613e-13+4.95598795e-13j]]",7.8125e-06
1.188,4.6875e-05,0.1879274561027817,"[[ 3.68555271e-14-2.52526822e-13j -5.47278208e-14-2.46325650e-13j
  -1.52127785e-13-2.28356246e-13j ... -1.52127925e-13-2.28356153e-13j
  -5.47278684e-14-2.46325634e-13j  3.68554729e-14-2.52526743e-13j]
 [-5.47282265e-14-2.46326026e-13j -1.29801800e-13-2.11818681e-13j
  -1.93344319e-13-1.66367026e-13j ... -1.93344574e-13-1.66367247e-13j
  -1.29802105e-13-2.11818942e-13j -5.47285679e-14-2.46326171e-13j]
 [-1.52127889e-13-2.28356280e-13j -1.93343997e-13-1.66366767e-13j
  -2.01894047e-13-1.09937496e-13j ... -2.01893839e-13-1.09937553e-13j
  -1.93343914e-13-1.66366904e-13j -1.52127895e-13-2.28356417e-13j]
 ...
 [-1.52128296e-13-2.28356382e-13j -1.93344374e-13-1.66367139e-13j
  -2.01894469e-13-1.09937894e-13j ... -2.01894620e-13-1.09937556e-13j
  -1.93344629e-13-1.66366789e-13j -1.52128583e-13-2.28356112e-13j]
 [-5.47279168e-14-2.46325716e-13j -1.29801559e-13-2.11818666e-13j
  -1.93344260e-13-1.66367085e-13j ... -1.93343478e-13-1.66366816e-13j
  -1.29801073e-13-2.11818656e-13j -5.47277391e-14-2.46325880e-13j]
 [ 3.68554563e-14-2.52527165e-13j -5.47278181e-14-2.46326048e-13j
  -1.52127792e-13-2.28356411e-13j ... -1.52127622e-13-2.28356001e-13j
  -5.47277836e-14-2.46325435e-13j  3.68554595e-14-2.52526558e-13j]]",7.8125e-06
1.1909999999999998,3.90625e-05,0.2739999655544885,"[[ 4.95490896e-14+1.55830066e-13j -2.80875180e-15+2.36525821e-13j
  -6.07196002e-14+3.16114127e-13j ... -6.07196114e-14+3.16114239e-13j
  -2.80871548e-15+2.36526072e-13j  4.95491308e-14+1.55830411e-13j]
 [-2.80912482e-15+2.36525863e-13j -1.98813417e-14+2.92960940e-13j
  -4.44871338e-14+3.23874217e-13j ... -4.44874234e-14+3.23874620e-13j
  -1.98815599e-14+2.92961287e-13j -2.80935446e-15+2.36526029e-13j]
 [-6.07199464e-14+3.16114178e-13j -4.44871441e-14+3.23874208e-13j
  -3.79133538e-14+2.89697835e-13j ... -3.79133350e-14+2.89697861e-13j
  -4.44870238e-14+3.23874281e-13j -6.07197844e-14+3.16114177e-13j]
 ...
 [-6.07197554e-14+3.16114137e-13j -4.44870111e-14+3.23874311e-13j
  -3.79133195e-14+2.89697975e-13j ... -3.79136832e-14+2.89697417e-13j
  -4.44872648e-14+3.23873707e-13j -6.07198753e-14+3.16113562e-13j]
 [-2.80889470e-15+2.36525586e-13j -1.98812524e-14+2.92960638e-13j
  -4.44872695e-14+3.23873875e-13j ... -4.44871228e-14+3.23874015e-13j
  -1.98814159e-14+2.92960845e-13j -2.80934376e-15+2.36525765e-13j]
 [ 4.95484182e-14+1.55829535e-13j -2.80939946e-15+2.36525310e-13j
  -6.07202005e-14+3.16113694e-13j ... -6.07198086e-14+3.16113782e-13j
  -2.80906344e-15+2.36525484e-13j  4.95488043e-14+1.55829694e-13j]]",7.8125e-06
1.1939999999999997,3.125e-05,0.4044213635242144,"[[7.18619868e-13-4.75214028e-13j 8.69037073e-13-5.03657126e-13j
  8.93962920e-13-5.21623665e-13j ... 8.93962796e-13-5.21623875e-13j
  8.69036925e-13-5.03657113e-13j 7.18619734e-13-4.75213832e-13j]
 [8.69036775e-13-5.03656971e-13j 9.67734930e-13-5.34025523e-13j
  9.45586920e-13-5.29276291e-13j ... 9.45586961e-13-5.29276376e-13j
  9.67734770e-13-5.34025551e-13j 8.69036501e-13-5.03657035e-13j]
 [8.93962558e-13-5.21623789e-13j 9.45586837e-13-5.29276164e-13j
  8.84066294e-13-4.81820167e-13j ... 8.84066269e-13-4.81820615e-13j
  9.45586710e-13-5.29276456e-13j 8.93962394e-13-5.21623980e-13j]
 ...
 [8.93962949e-13-5.21623539e-13j 9.45587224e-13-5.29276174e-13j
  8.84066687e-13-4.81820315e-13j ... 8.84066260e-13-4.81820371e-13j
  9.45586658e-13-5.29276212e-13j 8.93962228e-13-5.21623631e-13j]
 [8.69036306e-13-5.03657327e-13j 9.67734600e-13-5.34025954e-13j
  9.45586686e-13-5.29276670e-13j ... 9.45587107e-13-5.29276387e-13j
  9.67735182e-13-5.34025452e-13j 8.69036966e-13-5.03656720e-13j]
 [7.18619521e-13-4.75213907e-13j 8.69036503e-13-5.03657106e-13j
  8.93962218e-13-5.21623574e-13j ... 8.93961837e-13-5.21623486e-13j
  8.69036085e-13-5.03656863e-13j 7.18619043e-13-4.75213547e-13j]]",7.8125e-06
1.1969999999999996,2.34375e-05,0.5584647786188446,"[[-2.02268798e-13-2.62754271e-13j -2.74407534e-13-2.74378338e-13j
  -2.78590139e-13-2.01130114e-13j ... -2.78589643e-13-2.01130049e-13j
  -2.74407073e-13-2.74378483e-13j -2.02268475e-13-2.62754463e-13j]
 [-2.74406977e-13-2.74378002e-13j -3.45969123e-13-2.92189865e-13j
  -3.46317330e-13-2.41929161e-13j ... -3.46317599e-13-2.41929558e-13j
  -3.45969446e-13-2.92190257e-13j -2.74407402e-13-2.74378305e-13j]
 [-2.78590065e-13-2.01129763e-13j -3.46317571e-13-2.41929246e-13j
  -3.47175408e-13-2.33395642e-13j ... -3.47175143e-13-2.33396011e-13j
  -3.46317364e-13-2.41929626e-13j -2.78589883e-13-2.01130048e-13j]
 ...
 [-2.78590169e-13-2.01130315e-13j -3.46317686e-13-2.41929748e-13j
  -3.47175454e-13-2.33396056e-13j ... -3.47174812e-13-2.33395866e-13j
  -3.46317097e-13-2.41929472e-13j -2.78589623e-13-2.01130021e-13j]
 [-2.74407414e-13-2.74378260e-13j -3.45969367e-13-2.92190018e-13j
  -3.46317470e-13-2.41929234e-13j ... -3.46317406e-13-2.41929140e-13j
  -3.45969308e-13-2.92189993e-13j -2.74407266e-13-2.74378275e-13j]
 [-2.02267873e-13-2.62754377e-13j -2.74406648e-13-2.74378449e-13j
  -2.78589502e-13-2.01130110e-13j ... -2.78589485e-13-2.01129518e-13j
  -2.74406893e-13-2.74377635e-13j -2.02268310e-13-2.62753451e-13j]]",7.8125e-06
1.1999999999999995,2.34375e-05,0.6242011718119389,"[[-5.78592599e-15-1.03417679e-13j -1.54973905e-15+9.18897233e-14j
  -7.44883192e-16+2.40298357e-13j ... -7.45061990e-16+2.40298966e-13j
  -1.54954058e-15+9.18904096e-14j -5.78549386e-15-1.03417171e-13j]
 [-1.54944125e-15+9.18901802e-14j  6.22569433e-17+2.33845064e-13j
   8.34923488e-16+3.44971830e-13j ...  8.34573304e-16+3.44971498e-13j
   6.20127992e-17+2.33844760e-13j -1.54969020e-15+9.18897603e-14j]
 [-7.45056619e-16+2.40298939e-13j  8.34661629e-16+3.44971827e-13j
   4.18840506e-15+4.33305150e-13j ...  4.18883896e-15+4.33304932e-13j
   8.35059380e-16+3.44971714e-13j -7.44826713e-16+2.40298723e-13j]
 ...
 [-7.45063071e-16+2.40298202e-13j  8.34753323e-16+3.44971261e-13j
   4.18859148e-15+4.33304550e-13j ...  4.18849797e-15+4.33305144e-13j
   8.34709971e-16+3.44971747e-13j -7.45120248e-16+2.40298750e-13j]
 [-1.54952581e-15+9.18901055e-14j  6.20993588e-17+2.33845099e-13j
   8.34845992e-16+3.44971876e-13j ...  8.34502625e-16+3.44971900e-13j
   6.18976360e-17+2.33845088e-13j -1.54981378e-15+9.18900411e-14j]
 [-5.78503209e-15-1.03417437e-13j -1.54941173e-15+9.18899669e-14j
  -7.45075399e-16+2.40298375e-13j ... -7.45099465e-16+2.40297601e-13j
  -1.54972508e-15+9.18889591e-14j -5.78571397e-15-1.03418414e-13j]]",7.8125e-06
1.2029999999999994,2.34375e-05,0.5250599617089109,"[[2.45787176e-13-3.02328173e-13j 3.41588650e-13-3.43501704e-13j
  3.71461059e-13-2.65697740e-13j ... 3.71461069e-13-2.65697346e-13j
  3.41588903e-13-3.43501140e-13j 2.45787599e-13-3.02327385e-13j]
 [3.41589323e-13-3.43501475e-13j 4.27691515e-13-3.97420589e-13j
  4.45932784e-13-3.49990963e-13j ... 4.45932247e-13-3.49991333e-13j
  4.27691211e-13-3.97421169e-13j 3.41589204e-13-3.43502049e-13j]
 [3.71460876e-13-2.65697698e-13j 4.45931917e-13-3.49990994e-13j
  4.55083990e-13-3.58077225e-13j ... 4.55084251e-13-3.58076985e-13j
  4.45932354e-13-3.49990887e-13j 3.71461411e-13-2.65697575e-13j]
 ...
 [3.71460995e-13-2.65698387e-13j 4.45932123e-13-3.49991548e-13j
  4.55084281e-13-3.58077591e-13j ... 4.55084263e-13-3.58077614e-13j
  4.45932188e-13-3.49991459e-13j 3.71461117e-13-2.65698027e-13j]
 [3.41588911e-13-3.43502082e-13j 4.27690922e-13-3.97420875e-13j
  4.45931904e-13-3.49991002e-13j ... 4.45932370e-13-3.49991160e-13j
  4.27691026e-13-3.97421000e-13j 3.41588788e-13-3.43501975e-13j]
 [2.45787174e-13-3.02327806e-13j 3.41588424e-13-3.43501230e-13j
  3.71460591e-13-2.65697162e-13j ... 3.71460972e-13-2.65697766e-13j
  3.41588560e-13-3.43501857e-13j 2.45787140e-13-3.02328361e-13j]]",7.8125e-06
1.2059999999999993,3.125e-05,0.37050825507443574,"[[ 1.77546936e-13+1.07825455e-13j -8.21260519e-14+2.78355913e-14j
  -3.11311346e-13-9.39395951e-14j ... -3.11310558e-13-9.39388799e-14j
  -8.21253157e-14+2.78361530e-14j  1.77547455e-13+1.07825924e-13j]
 [-8.21252916e-14+2.78357234e-14j -2.98649035e-13-5.51146824e-14j
  -4.63027790e-13-1.56087826e-13j ... -4.63028074e-13-1.56087494e-13j
  -2.98649228e-13-5.51143802e-14j -8.21253817e-14+2.78360559e-14j]
 [-3.11310662e-13-9.39397468e-14j -4.63027743e-13-1.56088246e-13j
  -5.50640500e-13-2.15291024e-13j ... -5.50640899e-13-2.15290403e-13j
  -4.63028088e-13-1.56087689e-13j -3.11310881e-13-9.39392085e-14j]
 ...
 [-3.11311345e-13-9.39388469e-14j -4.63028459e-13-1.56087326e-13j
  -5.50641071e-13-2.15290006e-13j ... -5.50640155e-13-2.15289866e-13j
  -4.63027423e-13-1.56087281e-13j -3.11310416e-13-9.39388507e-14j]
 [-8.21256341e-14+2.78357659e-14j -2.98649588e-13-5.51145066e-14j
  -4.63028457e-13-1.56087386e-13j ... -4.63027644e-13-1.56087977e-13j
  -2.98648894e-13-5.51152336e-14j -8.21251995e-14+2.78349762e-14j]
 [ 1.77547064e-13+1.07825648e-13j -8.21256613e-14+2.78359957e-14j
  -3.11310982e-13-9.39389514e-14j ... -3.11310612e-13-9.39397908e-14j
  -8.21254305e-14+2.78353502e-14j  1.77547280e-13+1.07825316e-13j]]",7.8125e-06
1.2089999999999992,3.90625e-05,0.25081332132493955,"[[2.82126155e-13-4.35522192e-13j 2.54852508e-13-1.97091322e-13j
  2.06399196e-13+4.22633220e-14j ... 2.06399698e-13+4.22636969e-14j
  2.54852868e-13-1.97090868e-13j 2.82126229e-13-4.35521737e-13j]
 [2.54852709e-13-1.97091503e-13j 2.08262182e-13-5.03909999e-16j
  1.48606914e-13+1.73832985e-13j ... 1.48607554e-13+1.73833512e-13j
  2.08262792e-13-5.03448690e-16j 2.54853174e-13-1.97091071e-13j]
 [2.06399435e-13+4.22637765e-14j 1.48606941e-13+1.73833634e-13j
  8.52267752e-14+2.73492075e-13j ... 8.52269272e-14+2.73492525e-13j
  1.48607253e-13+1.73833781e-13j 2.06399828e-13+4.22637548e-14j]
 ...
 [2.06399819e-13+4.22633032e-14j 1.48607186e-13+1.73833214e-13j
  8.52268204e-14+2.73491860e-13j ... 8.52267956e-14+2.73492163e-13j
  1.48607110e-13+1.73833544e-13j 2.06399581e-13+4.22635790e-14j]
 [2.54853143e-13-1.97091038e-13j 2.08262554e-13-5.03427778e-16j
  1.48607282e-13+1.73833514e-13j ... 1.48607302e-13+1.73833191e-13j
  2.08262815e-13-5.03786990e-16j 2.54853396e-13-1.97091392e-13j]
 [2.82126770e-13-4.35521612e-13j 2.54853189e-13-1.97090775e-13j
  2.06399834e-13+4.22638367e-14j ... 2.06399560e-13+4.22635474e-14j
  2.54852941e-13-1.97091078e-13j 2.82126401e-13-4.35522053e-13j]]",7.8125e-06
1.211999999999999,4.6875e-05,0.1733372587451917,"[[4.42055547e-13+6.11073724e-14j 5.26682149e-13-6.92203878e-14j
  5.80430402e-13-1.87612203e-13j ... 5.80430687e-13-1.87611887e-13j
  5.26682505e-13-6.92200891e-14j 4.42055985e-13+6.11075201e-14j]
 [5.26682784e-13-6.92199466e-14j 6.01680630e-13-1.78916742e-13j
  6.24878747e-13-2.46026771e-13j ... 6.24878355e-13-2.46026677e-13j
  6.01680178e-13-1.78916661e-13j 5.26682401e-13-6.92199390e-14j]
 [5.80431163e-13-1.87611825e-13j 6.24878877e-13-2.46026888e-13j
  6.09449643e-13-2.51101088e-13j ... 6.09449770e-13-2.51100611e-13j
  6.24878835e-13-2.46026523e-13j 5.80430918e-13-1.87611565e-13j]
 ...
 [5.80430485e-13-1.87611615e-13j 6.24878388e-13-2.46026589e-13j
  6.09449260e-13-2.51100740e-13j ... 6.09449033e-13-2.51101111e-13j
  6.24878096e-13-2.46026815e-13j 5.80430212e-13-1.87611809e-13j]
 [5.26682843e-13-6.92202998e-14j 6.01680693e-13-1.78916941e-13j
  6.24878718e-13-2.46026889e-13j ... 6.24878649e-13-2.46027050e-13j
  6.01680451e-13-1.78916862e-13j 5.26682471e-13-6.92200921e-14j]
 [4.42055696e-13+6.11084259e-14j 5.26682422e-13-6.92192717e-14j
  5.80430696e-13-1.87611307e-13j ... 5.80431017e-13-1.87611816e-13j
  5.26682506e-13-6.92199862e-14j 4.42055611e-13+6.11073912e-14j]]",7.8125e-06
1.214999999999999,5.46875e-05,0.1242980852144817,"[[-2.07567400e-13+6.86694413e-14j -3.49733326e-13-5.96987933e-14j
  -4.67237910e-13-1.69103070e-13j ... -4.67237544e-13-1.69102825e-13j
  -3.49732984e-13-5.96985752e-14j -2.07567051e-13+6.86695234e-14j]
 [-3.49732487e-13-5.96986342e-14j -4.47805735e-13-1.59472527e-13j
  -5.02771033e-13-2.33265445e-13j ... -5.02771348e-13-2.33265194e-13j
  -4.47806148e-13-1.59472253e-13j -3.49733033e-13-5.96984380e-14j]
 [-4.67237715e-13-1.69103341e-13j -5.02771626e-13-2.33265731e-13j
  -4.81211423e-13-2.59715076e-13j ... -4.81211144e-13-2.59715054e-13j
  -5.02771212e-13-2.33265405e-13j -4.67237274e-13-1.69103010e-13j]
 ...
 [-4.67237237e-13-1.69102989e-13j -5.02771145e-13-2.33265482e-13j
  -4.81210927e-13-2.59715123e-13j ... -4.81211062e-13-2.59714734e-13j
  -5.02771217e-13-2.33265194e-13j -4.67237358e-13-1.69102854e-13j]
 [-3.49732682e-13-5.96987361e-14j -4.47805867e-13-1.59472556e-13j
  -5.02771051e-13-2.33265432e-13j ... -5.02771576e-13-2.33265227e-13j
  -4.47806175e-13-1.59472303e-13j -3.49732951e-13-5.96984642e-14j]
 [-2.07566342e-13+6.86690418e-14j -3.49732435e-13-5.96990743e-14j
  -4.67237070e-13-1.69103278e-13j ... -4.67237602e-13-1.69103465e-13j
  -3.49733142e-13-5.96992252e-14j -2.07567355e-13+6.86689707e-14j]]",7.8125e-06
